age,gender,cp,trestbps,chol,fbs,restecg,thalach,exang,oldpeak,slope,ca,thal,prediction,probability,timestamp,request_id
59.0,0,2,180.0,407.0,1,0,126.0,1,4.4,1,3,2,0,0.081776,2026-09-06T10:00:58.241252+00:00,f406edf8-b5a9-46bd-ba0c-0891c79bc5ec
72.0,1,1,164.0,207.0,0,1,179.0,1,1.3,1,4,3,0,0.11933,2026-09-06T10:00:58.253531+00:00,4b72b12f-30a4-4965-b197-a5dbefee41f1
66.0,0,3,159.0,459.0,1,2,179.0,1,4.5,1,3,1,0,0.364094,2026-09-06T10:00:58.263182+00:00,23263dfe-51eb-4b0e-a5cc-9c8f1fae2676
40.0,1,3,114.0,458.0,1,1,133.0,1,1.7,1,0,0,1,0.692388,2026-09-06T10:00:58.271485+00:00,c4fe5e5e-581d-4a59-a872-e55359d113c4
43.0,1,2,155.0,442.0,1,0,172.0,0,2.9,0,4,2,0,0.119706,2026-09-06T10:00:58.279463+00:00,15440890-c160-4354-950d-a9bcd6eb1c74
71.0,0,2,98.0,321.0,0,2,131.0,0,5.3,1,4,1,0,0.385928,2026-09-06T10:00:58.289884+00:00,458d0e04-c1ee-4fbf-a0bc-11cd8d8fe62e
29.0,0,1,179.0,292.0,0,1,120.0,1,2.8,1,1,3,0,0.265926,2026-09-06T10:00:58.299232+00:00,b5e82d97-94b8-4e33-9f02-2c23acfed9c9
68.0,1,2,196.0,310.0,1,2,143.0,0,1.8,0,2,0,0,0.418763,2026-09-06T10:00:58.311693+00:00,0b1da9e0-993f-456b-88a8-a3638db079c0
67.0,0,0,185.0,141.0,0,1,97.0,0,1.9,1,3,0,0,0.400621,2026-09-06T10:00:58.327218+00:00,ab4f31d2-80e3-4704-a466-2f91acc5a62e
51.0,1,2,99.0,496.0,0,1,112.0,0,0.5,0,3,3,0,0.214624,2026-09-06T10:00:58.336232+00:00,56475952-9b49-46e2-b417-b6b52b1c47b0
44.0,1,3,130.0,364.0,0,1,164.0,1,1.4,0,3,2,0,0.34435,2026-09-06T10:00:58.343794+00:00,4000b2d1-af51-48b4-997d-bd9786275f2b
42.0,0,3,128.0,296.0,1,1,172.0,0,1.7,0,4,1,1,0.674701,2026-09-06T10:00:58.353155+00:00,1c798d37-2cc1-4430-aa64-5566fbe7eb5f
41.0,0,1,106.0,366.0,0,0,78.0,0,1.1,2,0,1,1,0.768004,2026-09-06T10:00:58.365660+00:00,6c4c6aa3-d822-4b27-9009-191e156b0a6b
50.0,1,1,160.0,442.0,1,1,167.0,0,0.4,0,4,2,0,0.162725,2026-09-06T10:00:58.375620+00:00,fa491558-0139-4c55-85e6-94b477407d7e
53.0,0,2,179.0,293.0,0,0,178.0,1,2.9,2,2,0,1,0.688152,2026-09-06T10:00:58.385759+00:00,4714d79c-6218-4b7f-9abf-4a9f53fa1fc1
56.0,1,1,127.0,490.0,1,1,129.0,0,1.3,0,1,3,0,0.153857,2026-09-06T10:00:58.395996+00:00,51eb218c-c58c-4251-ae40-05d128d7545f
77.0,1,2,185.0,529.0,0,0,79.0,1,4.6,2,1,1,0,0.077847,2026-09-06T10:00:58.405993+00:00,be60f31c-b38c-4025-b8b1-27ed8a97ea5a
67.0,0,0,178.0,296.0,0,2,160.0,1,5.7,0,2,3,0,0.055364,2026-09-06T10:00:58.415423+00:00,7881b644-21ec-4b5d-a767-e20647d4c9a8
59.0,1,0,108.0,186.0,1,2,103.0,0,1.7,1,1,3,0,0.229651,2026-09-06T10:00:58.425931+00:00,ba955ca9-499e-4810-ba09-50b19db5f262
76.0,1,0,175.0,459.0,1,1,155.0,0,3.5,1,4,0,0,0.087266,2026-09-06T10:00:58.437741+00:00,5f36baf0-bf20-45a8-a09b-ddfb3583ecf3
39.0,1,1,188.0,561.0,0,1,120.0,0,3.1,0,2,3,0,0.065534,2026-09-06T10:00:58.447782+00:00,5ed2200c-cd01-4888-825a-13fe8ef16fe0
37.0,1,0,115.0,191.0,1,1,154.0,1,0.5,1,4,2,0,0.177211,2026-09-06T10:00:58.457871+00:00,3506451d-7bff-4e5d-b243-b404b151a54c
58.0,1,1,155.0,438.0,1,0,105.0,1,0.8,1,3,3,0,0.042628,2026-09-06T10:00:58.468153+00:00,63ede819-cf84-4513-a764-5acad9aedaa9
31.0,1,3,162.0,487.0,1,2,133.0,1,5.5,1,1,2,0,0.183167,2026-09-06T10:00:58.478699+00:00,35b58bc3-a9af-4962-9337-73457faabb58
31.0,1,3,159.0,529.0,1,2,140.0,0,2.9,2,2,1,1,0.602789,2026-09-06T10:00:58.488451+00:00,fa9f2a8f-a7b4-4d5c-8170-d8eb0bae5cea
54.0,0,3,104.0,180.0,1,1,154.0,1,5.0,0,4,2,0,0.2184,2026-09-06T10:00:58.496040+00:00,48c9ed0a-0c1a-4b76-9208-0136953fa12f
51.0,0,2,164.0,166.0,0,0,98.0,0,0.4,1,3,1,1,0.633965,2026-09-06T10:00:58.504460+00:00,616cb66a-5f77-4140-bf1f-504b24e860c0
73.0,1,0,161.0,559.0,0,1,197.0,0,3.7,0,2,1,0,0.136348,2026-09-06T10:00:58.513403+00:00,528c3f9e-4ceb-4581-9d67-b3660126c059
59.0,0,2,181.0,177.0,0,0,109.0,0,5.4,0,3,2,0,0.13636,2026-09-06T10:00:58.521785+00:00,fea65388-5d5d-4a3c-95b8-1611437c2340
54.0,0,2,179.0,203.0,0,2,111.0,0,5.4,0,1,1,0,0.448161,2026-09-06T10:00:58.532663+00:00,804d8f7f-7564-4b97-b0de-337cf3d22f4e
53.0,1,3,129.0,378.0,0,2,105.0,0,0.0,2,1,3,1,0.708769,2026-09-06T10:00:58.543588+00:00,7a67369b-7524-4ed0-aac4-a30bb6785172
41.0,1,1,171.0,321.0,1,1,80.0,1,3.2,2,3,0,0,0.141283,2026-09-06T10:00:58.552144+00:00,75df102c-d102-4e12-a2e2-78bc177577c9
30.0,1,0,186.0,455.0,0,1,126.0,1,2.3,2,0,1,0,0.304713,2026-09-06T10:00:58.559353+00:00,210a36f4-4e25-4ab9-a99c-fb1793953639
38.0,1,2,189.0,209.0,1,2,172.0,0,4.7,0,2,0,0,0.448327,2026-09-06T10:00:58.568930+00:00,d56d8f5d-6abd-49ac-89fc-fcf0110af327
62.0,1,1,111.0,527.0,1,0,164.0,0,0.5,0,2,2,0,0.216283,2026-09-06T10:00:58.582523+00:00,b7e221a6-b45b-47d4-9586-302adf6306dd
39.0,0,2,97.0,221.0,0,2,97.0,0,1.6,1,2,2,1,0.750852,2026-09-06T10:00:58.598007+00:00,13b8703e-ba03-4c61-b94b-820130b7833d
47.0,1,1,163.0,463.0,0,2,89.0,0,5.0,1,1,0,0,0.262563,2026-09-06T10:00:58.610469+00:00,28b2ecfd-fb66-4c30-bd53-713a2790bf91
29.0,0,1,117.0,156.0,1,1,113.0,1,2.9,2,1,0,1,0.715434,2026-09-06T10:00:58.623050+00:00,1b022fb1-942c-4441-99f7-98f00dada1af
69.0,1,0,154.0,333.0,0,2,172.0,0,2.8,2,0,2,0,0.485952,2026-09-06T10:00:58.630503+00:00,d7c0914b-9e39-4215-8ec4-638956d7d130
36.0,1,3,194.0,140.0,0,2,135.0,1,6.0,1,2,0,0,0.410986,2026-09-06T10:00:58.639029+00:00,1b012ad7-113f-44ee-9d17-8f11cbffe04a
42.0,1,3,134.0,263.0,0,2,192.0,1,2.0,0,3,3,0,0.378754,2026-09-06T10:00:58.647767+00:00,7ef74a1a-369d-4c3e-9acd-2c955fbfaaf8
71.0,0,1,121.0,263.0,1,0,157.0,0,0.3,2,0,1,1,0.839393,2026-09-06T10:00:58.658997+00:00,30f105f3-79f9-4cb2-90e5-96742722fdcb
53.0,1,0,142.0,441.0,1,2,152.0,0,2.4,1,0,2,0,0.312942,2026-09-06T10:00:58.669239+00:00,2ae6a5f4-837b-4747-af0f-7ce0c3289644
70.0,1,2,164.0,325.0,1,1,172.0,0,1.0,2,0,0,1,0.82592,2026-09-06T10:00:58.679248+00:00,0538bc1b-5b43-4b3a-b455-2551b3eb1dbb
60.0,0,1,105.0,151.0,0,2,169.0,1,0.5,1,4,2,1,0.56282,2026-09-06T10:00:58.687991+00:00,d240851d-74a9-4ca3-9bea-06bb98120d9a
65.0,1,2,134.0,562.0,0,2,116.0,1,3.5,0,3,0,0,0.141619,2026-09-06T10:00:58.699746+00:00,101ec0df-8abd-4157-8adb-7621488a8a23
33.0,1,0,108.0,515.0,1,0,105.0,1,5.9,0,0,0,0,0.066527,2026-09-06T10:00:58.708857+00:00,fb3ca711-f57e-4463-9fb8-933514dfe035
55.0,1,0,164.0,527.0,1,1,128.0,0,3.6,2,2,3,0,0.063411,2026-09-06T10:00:58.717675+00:00,ff896578-f181-4665-9cfd-04949d4050a9
53.0,0,2,182.0,234.0,1,1,135.0,1,4.0,1,2,3,0,0.161611,2026-09-06T10:00:58.726453+00:00,43ef12ea-0d7a-478b-86ef-4ab0f24126e2
71.0,1,0,134.0,299.0,0,1,90.0,1,2.0,0,3,1,0,0.059337,2026-09-06T10:00:58.735376+00:00,89a910f9-ebd8-4d1a-8152-f7c993f8e537
46.0,0,2,133.0,226.0,1,2,129.0,0,3.5,1,1,3,1,0.528938,2026-09-06T10:00:58.744230+00:00,1952b255-4e12-437f-9cf1-c1290d60cf48
58.0,0,1,151.0,181.0,1,1,155.0,0,4.7,0,4,0,0,0.28539,2026-09-06T10:00:58.753665+00:00,10d9091c-3123-41ac-8d09-d08d0997c9b7
32.0,0,0,117.0,140.0,1,2,89.0,0,3.7,2,2,2,0,0.426689,2026-09-06T10:00:58.763565+00:00,f256759a-e193-4c40-8720-44018809b963
48.0,0,3,120.0,346.0,0,2,89.0,1,5.0,1,1,2,0,0.404274,2026-09-06T10:00:58.772034+00:00,b89cb3b8-ea57-43de-bfe2-83cf667c420e
45.0,1,2,129.0,180.0,0,0,94.0,1,3.4,0,2,3,0,0.082107,2026-09-06T10:00:58.779555+00:00,e9c67704-2de6-4776-bcf4-7562649e4cf5
36.0,0,3,142.0,203.0,0,1,108.0,0,1.2,1,1,0,1,0.922573,2026-09-06T10:00:58.788158+00:00,f9c89481-b8e2-40fb-996d-609a7a5c9453
68.0,0,3,103.0,503.0,0,1,197.0,1,3.6,2,2,2,1,0.629503,2026-09-06T10:00:58.796305+00:00,17121215-ed2f-4008-8910-1c5dc1a2050f
47.0,0,2,174.0,338.0,1,1,74.0,1,3.0,2,1,0,0,0.47914,2026-09-06T10:00:58.805650+00:00,61de0a14-0b81-44ee-9cdd-31b586d25169
76.0,0,3,155.0,206.0,1,0,95.0,0,1.0,2,2,1,1,0.693068,2026-09-06T10:00:58.813144+00:00,552167ec-4517-4d41-9101-2574bcd6351d
57.0,0,0,126.0,419.0,1,0,93.0,0,3.8,0,1,3,0,0.068736,2026-09-06T10:00:58.822062+00:00,9890e88a-1a6c-466e-8146-39598bcbd02a
58.0,0,3,102.0,242.0,1,1,133.0,1,5.1,1,2,2,0,0.342463,2026-09-06T10:00:58.830320+00:00,2e81f4e7-6808-4d37-bf5e-be5f6099a21f
60.0,1,3,175.0,357.0,1,0,73.0,1,0.8,2,3,3,0,0.099882,2026-09-06T10:00:58.842795+00:00,08b6eccd-1269-4f93-af25-af18f8b8768a
61.0,1,2,108.0,250.0,1,1,131.0,0,3.4,2,3,0,1,0.522092,2026-09-06T10:00:58.849645+00:00,eae11e08-91f8-4e19-8f11-c9b31d6e1961
36.0,1,3,108.0,352.0,0,0,92.0,1,4.5,1,1,2,0,0.222722,2026-09-06T10:00:58.858489+00:00,e25b38ca-31fc-4e22-9d14-00766cf74d75
50.0,1,2,108.0,401.0,1,0,106.0,1,2.5,2,2,3,0,0.125724,2026-09-06T10:00:58.868501+00:00,d6955ae9-b8a3-4e14-9fbe-f1f69c50cae1
40.0,0,3,103.0,361.0,1,1,175.0,0,1.7,0,1,0,1,0.904143,2026-09-06T10:00:58.877412+00:00,bfbe8c60-f2be-4048-993f-3bf64a6a0f9c
48.0,0,3,190.0,299.0,0,1,95.0,0,2.3,1,1,3,1,0.512215,2026-09-06T10:00:58.886086+00:00,f7ea2b34-008e-4a7a-a6e8-ee014b480465
34.0,0,2,123.0,472.0,1,2,152.0,0,3.4,2,3,1,1,0.673624,2026-09-06T10:00:58.894179+00:00,f69bb16b-bb0c-4f47-9b7f-9ab1848f13f0
75.0,0,3,126.0,509.0,0,1,124.0,1,4.3,0,3,1,0,0.198585,2026-09-06T10:00:58.902428+00:00,9b1a3fd9-95c7-4cb1-8d3e-2eca937ecaf2
39.0,1,3,182.0,205.0,1,1,126.0,1,3.5,2,0,0,1,0.655937,2026-09-06T10:00:58.912160+00:00,c5895718-fae7-4e01-bf6d-dd4aec92fca8
61.0,0,1,160.0,186.0,1,0,178.0,1,0.7,0,1,3,0,0.303301,2026-09-06T10:00:58.920014+00:00,a524f339-106e-4dff-86fe-c55761a5045a
43.0,0,0,114.0,176.0,0,1,92.0,1,5.1,0,0,0,0,0.33066,2026-09-06T10:00:58.929241+00:00,185c7eb9-a1ea-4671-8f19-279b521a8da6
71.0,0,0,140.0,555.0,1,2,192.0,1,5.7,0,4,3,0,0.022324,2026-09-06T10:00:58.936511+00:00,1b686c48-2c1a-4e9f-8eb7-5ac7f3179c64
61.0,1,0,188.0,538.0,0,1,188.0,0,0.6,2,3,0,0,0.461954,2026-09-06T10:00:58.943977+00:00,046ae683-78b2-4765-be67-54cf24049f8e
35.0,0,1,134.0,227.0,0,0,159.0,1,1.5,2,0,0,1,0.868924,2026-09-06T10:00:58.953358+00:00,d9727120-3448-4e4d-969b-ec25f6572769
70.0,1,0,169.0,551.0,1,1,77.0,1,1.1,0,3,0,0,0.036719,2026-09-06T10:00:58.961431+00:00,3124d81c-b7d1-4c13-9dba-cd35310b3468
74.0,1,1,104.0,217.0,0,2,158.0,0,5.3,2,1,2,0,0.421577,2026-09-06T10:00:58.968667+00:00,93e13942-41aa-4e3e-9e16-0f5b4eec565e
72.0,1,1,171.0,348.0,1,2,150.0,0,5.6,0,1,2,0,0.092568,2026-09-06T10:00:58.977006+00:00,f649e577-1e9a-46d3-9962-85c3918e94b9
56.0,1,2,176.0,344.0,1,0,172.0,1,0.3,2,2,0,1,0.565893,2026-09-06T10:00:58.983161+00:00,3294487c-34c9-4231-a83b-52fb04969067
36.0,1,0,182.0,527.0,0,2,99.0,1,2.1,0,3,0,0,0.088848,2026-09-06T10:00:58.991675+00:00,558825ca-0316-47fe-bb26-cf8bc377aa0b
38.0,1,3,165.0,144.0,1,2,196.0,1,1.2,0,3,1,1,0.59575,2026-09-06T10:00:58.999782+00:00,c6e66258-6c54-4b1a-9050-9ea39a591aa8
74.0,1,0,133.0,264.0,1,1,187.0,0,2.9,2,0,0,1,0.638902,2026-09-06T10:00:59.008313+00:00,1b80ee80-e649-4203-9708-5ecbc578fba1
56.0,1,3,101.0,389.0,0,1,86.0,1,5.7,2,3,2,0,0.121891,2026-09-06T10:00:59.017088+00:00,3ae367a9-009f-41b8-9e18-eda4317f9135
38.0,1,2,149.0,155.0,0,0,112.0,1,0.4,0,2,3,0,0.207129,2026-09-06T10:00:59.025368+00:00,16f96bc0-ae81-4e72-b662-df0e63a60b3c
71.0,1,0,174.0,230.0,0,0,75.0,1,1.1,1,4,1,0,0.04764,2026-09-06T10:00:59.033393+00:00,5d80ae45-cbd4-41e5-90f0-98ed8e71fa5c
60.0,0,0,114.0,330.0,0,2,180.0,1,3.0,2,2,1,1,0.56475,2026-09-06T10:00:59.040409+00:00,b31cfd71-3519-47e1-97b5-548e0c8e57cc
56.0,1,1,122.0,512.0,0,0,191.0,0,3.2,1,4,2,0,0.156045,2026-09-06T10:00:59.049187+00:00,47f244a3-7982-495f-8354-e1de8228ee92
47.0,1,2,151.0,459.0,1,1,201.0,1,4.6,1,1,1,0,0.300936,2026-09-06T10:00:59.058278+00:00,ee1054a6-0ccc-4a3c-af85-b54f05aee5da
49.0,0,0,173.0,489.0,1,2,151.0,0,2.7,2,3,0,0,0.472845,2026-09-06T10:00:59.066234+00:00,e3ad60ba-d83f-4713-b71e-eee2f0841bee
40.0,0,0,189.0,459.0,0,2,158.0,0,0.9,0,1,0,1,0.683761,2026-09-06T10:00:59.073606+00:00,11f2dc5f-2f23-4ef9-91e6-121f28afc409
31.0,1,0,107.0,436.0,1,0,160.0,0,2.2,1,4,2,0,0.12904,2026-09-06T10:00:59.081913+00:00,252ebc61-8a08-42a5-9b90-120885f1993a
71.0,1,2,114.0,498.0,0,0,146.0,1,6.1,1,3,3,0,0.030649,2026-09-06T10:00:59.089534+00:00,c81d89df-fa68-4138-87f6-230a0d949b1c
51.0,0,0,179.0,424.0,1,0,196.0,0,4.7,2,3,2,0,0.181774,2026-09-06T10:00:59.097611+00:00,e6d7e02b-78da-4cab-83c0-16d6f9f814a5
55.0,0,0,162.0,448.0,1,2,151.0,1,0.7,1,2,2,0,0.264252,2026-09-06T10:00:59.105283+00:00,f3be0901-f43c-4174-8fcb-b7f7177dd105
44.0,0,1,170.0,258.0,1,0,115.0,0,5.0,2,3,0,0,0.335252,2026-09-06T10:00:59.113604+00:00,3c074bb6-439a-453f-b585-b12d34140d96
65.0,0,1,200.0,199.0,1,0,138.0,0,1.9,1,0,2,0,0.458165,2026-09-06T10:00:59.121519+00:00,f24a35ef-2d91-46a3-afb2-e1385fd99e2f
30.0,0,2,194.0,457.0,0,1,73.0,0,4.8,1,1,2,0,0.264345,2026-09-06T10:00:59.129191+00:00,7db42c17-7c4f-44f6-b1f6-df2ed238c2d6
47.0,1,3,183.0,199.0,1,1,166.0,0,0.1,2,3,2,1,0.685144,2026-09-06T10:00:59.136308+00:00,168b8eca-9655-4db3-9a87-8131433fdb51
30.0,1,3,176.0,529.0,0,0,162.0,0,5.4,2,0,0,1,0.675784,2026-09-06T10:00:59.145980+00:00,a22e96b1-f2ec-4c64-a61c-e6ecf0e14d89
35.0,1,2,136.0,387.0,1,0,126.0,1,1.0,2,0,0,1,0.666337,2026-09-06T10:00:59.153264+00:00,85ae0bfe-f22c-44d2-828f-b00dd7bcf56e
